Model,RMSE,R2,Training_Time,Prediction_Time
Linear Regression,58.16414751366689,0.7302462488841513,0.023543596267700195,0.004060506820678711
Ridge (α=0.1),58.00359311825095,0.7317334321857092,0.005300760269165039,0.003611326217651367
Random Forest,87.79500798886556,0.38539455497476516,0.3880758285522461,0.0570068359375
XGBoost,62.98828592134659,0.6836438085246395,0.8028573989868164,0.028996944427490234
LightGBM,74.93666977311028,0.5522397504506015,0.12313199043273926,0.002691507339477539
